3114008572,4,恋爱心理学,55,5
3114008575,4,恋爱心理学,56,5
3114008576,4,恋爱心理学,57,5
3113008569,4,恋爱心理学,58,5
3114008619,4,恋爱心理学,59,5
3114008631,4,恋爱心理学,60,5
3114008637,4,恋爱心理学,70,5
3114008683,4,恋爱心理学,71,5
3214008688,4,恋爱心理学,72,5
3114008646,4,恋爱心理学,73,5
3114008653,4,恋爱心理学,74,5
3114008657,4,恋爱心理学,75,5
3114008715,4,恋爱心理学,90,5
3114008722,4,恋爱心理学,91,5
3114008708,4,恋爱心理学,92,5
3114008690,4,恋爱心理学,93,5
3213008533,4,恋爱心理学,94,5
3115005657,4,恋爱心理学,95,5
3115007407,4,恋爱心理学,96,5
3115007409,4,恋爱心理学,97,5
3115007410,4,恋爱心理学,98,5
3115007412,4,恋爱心理学,99,5
